1 23.11.2020 12:34:10 ^1.1 13,7 111,0 X ^1.2 13,9 110,0 X ^1.3 13,1 110,0 X ^1.4 12,8 110,0 X ^1.5 13,0 110,0 X ^1.6 12,7 110,0 X ^1.7 13,7 110,0 X ^1.8 12,7 110,0 X ^1.10 10,4 110,0 X ^1.13 13,7 110,0 X 
2 23.11.2020 12:34:15 ^1.1 13,8 111,0 X ^1.2 13,9 110,0 X ^1.3 13,0 110,0 X ^1.4 12,9 110,0 X ^1.5 13,0 110,0 X ^1.6 12,6 110,0 X ^1.7 13,7 110,0 X ^1.8 12,7 110,0 X ^1.10 10,4 110,0 X ^1.13 13,7 110,0 X 
3 23.11.2020 12:34:20 ^1.1 13,8 111,0 X ^1.2 13,9 110,0 X ^1.3 13,1 110,0 X ^1.4 12,9 110,0 X ^1.5 13,1 110,0 X ^1.6 12,6 110,0 X ^1.7 13,7 110,0 X ^1.8 12,8 110,0 X ^1.10 10,5 110,0 X ^1.13 13,7 110,0 X 
4 23.11.2020 12:34:25 ^1.1 13,7 111,0 X ^1.2 13,8 110,0 X ^1.3 13,1 110,0 X ^1.4 12,8 110,0 X ^1.5 13,1 110,0 X ^1.6 12,6 110,0 X ^1.7 13,8 110,0 X ^1.8 12,8 110,0 X ^1.10 10,5 110,0 X ^1.13 13,8 110,0 X 
5 23.11.2020 12:34:30 ^1.1 13,7 111,0 X ^1.2 13,8 110,0 X ^1.3 13,0 110,0 X ^1.4 12,8 110,0 X ^1.5 13,0 110,0 X ^1.6 12,6 110,0 X ^1.7 13,8 110,0 X ^1.8 12,8 110,0 X ^1.10 10,5 110,0 X ^1.13 13,7 110,0 X 
6 23.11.2020 12:34:35 ^1.1 13,8 111,0 X ^1.2 13,9 110,0 X ^1.3 13,1 110,0 X ^1.4 12,9 110,0 X ^1.5 13,1 110,0 X ^1.6 12,7 110,0 X ^1.7 13,8 110,0 X ^1.8 12,8 110,0 X ^1.10 10,5 110,0 X ^1.13 13,7 110,0 X 
7 23.11.2020 12:34:40 ^1.1 13,8 111,0 X ^1.2 13,9 110,0 X ^1.3 13,1 110,0 X ^1.4 12,8 110,0 X ^1.5 13,1 110,0 X ^1.6 12,7 110,0 X ^1.7 13,8 110,0 X ^1.8 12,7 110,0 X ^1.10 10,5 110,0 X ^1.13 13,7 110,0 X 
8 23.11.2020 12:34:45 ^1.1 13,7 111,0 X ^1.2 13,9 110,0 X ^1.3 13,1 110,0 X ^1.4 12,8 110,0 X ^1.5 13,0 110,0 X ^1.6 12,6 110,0 X ^1.7 13,7 110,0 X ^1.8 12,8 110,0 X ^1.10 10,5 110,0 X ^1.13 13,7 110,0 X 
9 23.11.2020 12:34:50 ^1.1 13,8 111,0 X ^1.2 13,9 110,0 X ^1.3 13,1 110,0 X ^1.4 12,8 110,0 X ^1.5 13,0 110,0 X ^1.6 12,6 110,0 X ^1.7 13,8 110,0 X ^1.8 12,8 110,0 X ^1.10 10,5 110,0 X ^1.13 13,6 110,0 X 
10 23.11.2020 12:34:55 ^1.1 13,8 111,0 X ^1.2 13,9 110,0 X ^1.3 13,1 110,0 X ^1.4 12,8 110,0 X ^1.5 13,1 110,0 X ^1.6 12,7 110,0 X ^1.7 13,8 110,0 X ^1.8 12,8 110,0 X ^1.10 10,5 110,0 X ^1.13 13,7 110,0 X 
11 23.11.2020 12:35:00 ^1.1 13,7 111,0 X ^1.2 13,8 110,0 X ^1.3 13,0 110,0 X ^1.4 12,8 110,0 X ^1.5 13,0 110,0 X ^1.6 12,6 110,0 X ^1.7 13,8 110,0 X ^1.8 12,8 110,0 X ^1.10 10,5 110,0 X ^1.13 13,6 110,0 X 
12 23.11.2020 12:35:05 ^1.1 13,8 111,0 X ^1.2 13,9 110,0 X ^1.3 13,1 110,0 X ^1.4 12,8 110,0 X ^1.5 13,1 110,0 X ^1.6 12,7 110,0 X ^1.7 13,8 110,0 X ^1.8 12,8 110,0 X ^1.10 10,4 110,0 X ^1.13 13,7 110,0 X 
13 23.11.2020 12:35:10 ^1.1 13,8 111,0 X ^1.2 13,9 110,0 X ^1.3 13,1 110,0 X ^1.4 12,8 110,0 X ^1.5 13,0 110,0 X ^1.6 12,7 110,0 X ^1.7 13,8 110,0 X ^1.8 12,8 110,0 X ^1.10 10,4 110,0 X ^1.13 13,7 110,0 X 
14 23.11.2020 12:35:15 ^1.1 13,8 111,0 X ^1.2 13,9 110,0 X ^1.3 13,1 110,0 X ^1.4 12,8 110,0 X ^1.5 13,1 110,0 X ^1.6 12,7 110,0 X ^1.7 13,8 110,0 X ^1.8 12,8 110,0 X ^1.10 10,4 110,0 X ^1.13 13,6 110,0 X 
15 23.11.2020 12:35:20 ^1.1 13,7 111,0 X ^1.2 13,9 110,0 X ^1.3 13,0 110,0 X ^1.4 12,7 110,0 X ^1.5 13,0 110,0 X ^1.6 12,7 110,0 X ^1.7 13,9 110,0 X ^1.8 12,8 110,0 X ^1.10 10,4 110,0 X ^1.13 13,6 110,0 X 
16 23.11.2020 12:35:25 ^1.1 13,8 111,0 X ^1.2 13,9 110,0 X ^1.3 13,1 110,0 X ^1.4 12,8 110,0 X ^1.5 13,1 110,0 X ^1.6 12,6 110,0 X ^1.7 13,9 110,0 X ^1.8 12,9 110,0 X ^1.10 10,4 110,0 X ^1.13 13,6 110,0 X 
17 23.11.2020 12:35:30 ^1.1 13,7 111,0 X ^1.2 13,8 110,0 X ^1.3 12,9 110,0 X ^1.4 12,7 110,0 X ^1.5 12,9 110,0 X ^1.6 12,6 110,0 X ^1.7 13,8 110,0 X ^1.8 12,7 110,0 X ^1.10 10,2 110,0 X ^1.13 13,6 110,0 X 
18 23.11.2020 12:35:35 ^1.1 13,7 111,0 X ^1.2 13,8 110,0 X ^1.3 13,0 110,0 X ^1.4 12,7 110,0 X ^1.5 12,9 110,0 X ^1.6 12,6 110,0 X ^1.7 13,8 110,0 X ^1.8 12,7 110,0 X ^1.10 10,2 110,0 X ^1.13 13,5 110,0 X 
19 23.11.2020 12:35:40 ^1.1 13,7 111,0 X ^1.2 14,0 110,0 X ^1.3 13,1 110,0 X ^1.4 12,8 110,0 X ^1.5 13,0 110,0 X ^1.6 12,7 110,0 X ^1.7 13,9 110,0 X ^1.8 12,9 110,0 X ^1.10 10,3 110,0 X ^1.13 13,5 110,0 X 
20 23.11.2020 12:35:45 ^1.1 13,7 111,0 X ^1.2 13,9 110,0 X ^1.3 13,0 110,0 X ^1.4 12,7 110,0 X ^1.5 12,9 110,0 X ^1.6 12,6 110,0 X ^1.7 13,8 110,0 X ^1.8 12,8 110,0 X ^1.10 10,2 110,0 X ^1.13 13,6 110,0 X 
21 23.11.2020 12:35:50 ^1.1 13,7 111,0 X ^1.2 13,9 110,0 X ^1.3 13,0 110,0 X ^1.4 12,7 110,0 X ^1.5 12,9 110,0 X ^1.6 12,6 110,0 X ^1.7 13,8 110,0 X ^1.8 12,8 110,0 X ^1.10 10,2 110,0 X ^1.13 13,5 110,0 X 
22 23.11.2020 12:35:55 ^1.1 13,7 111,0 X ^1.2 13,9 110,0 X ^1.3 13,0 110,0 X ^1.4 12,7 110,0 X ^1.5 13,0 110,0 X ^1.6 12,7 110,0 X ^1.7 13,8 110,0 X ^1.8 12,8 110,0 X ^1.10 10,2 110,0 X ^1.13 13,5 110,0 X 
23 23.11.2020 12:36:00 ^1.1 13,7 111,0 X ^1.2 13,8 110,0 X ^1.3 12,9 110,0 X ^1.4 12,6 110,0 X ^1.5 12,9 110,0 X ^1.6 12,6 110,0 X ^1.7 13,9 110,0 X ^1.8 12,8 110,0 X ^1.10 10,3 110,0 X ^1.13 13,5 110,0 X 
24 23.11.2020 12:36:05 ^1.1 13,6 111,0 X ^1.2 13,9 110,0 X ^1.3 13,0 110,0 X ^1.4 12,7 110,0 X ^1.5 13,0 110,0 X ^1.6 12,6 110,0 X ^1.7 13,8 110,0 X ^1.8 12,9 110,0 X ^1.10 10,4 110,0 X ^1.13 13,5 110,0 X 
25 23.11.2020 12:36:10 ^1.1 13,7 111,0 X ^1.2 13,8 110,0 X ^1.3 13,1 110,0 X ^1.4 13,1 110,0 X ^1.5 13,2 110,0 X ^1.6 12,7 110,0 X ^1.7 14,0 110,0 X ^1.8 13,2 110,0 X ^1.10 10,4 110,0 X ^1.13 13,5 110,0 X 
26 23.11.2020 12:36:15 ^1.1 32,1 111,0 X ^1.2 34,5 110,0 X ^1.3 26,7 110,0 X ^1.4 24,5 110,0 X ^1.5 29,2 110,0 X ^1.6 22,7 110,0 X ^1.7 22,1 110,0 X ^1.8 23,7 110,0 X ^1.10 193,3 110,0 X ^1.13 13,5 110,0 X 
27 23.11.2020 12:36:20 ^1.1 58,8 111,0 X ^1.2 64,7 110,0 X ^1.3 48,9 110,0 X ^1.4 46,2 110,0 X ^1.5 56,7 110,0 X ^1.6 33,8 110,0 X ^1.7 31,0 110,0 X ^1.8 35,7 110,0 X ^1.10 341,0 110,0 X ^1.13 13,6 110,0 X 
28 23.11.2020 12:36:25 ^1.1 77,0 111,0 X ^1.2 104,3 110,0 X ^1.3 72,9 110,0 X ^1.4 68,9 110,0 X ^1.5 85,6 110,0 X ^1.6 43,3 110,0 X ^1.7 38,3 110,0 X ^1.8 47,3 110,0 X ^1.10 430,2 110,0 X ^1.13 14,3 110,0 X 
29 23.11.2020 12:36:30 ^1.1 105,8 111,0 X ^1.2 134,3 110,0 X ^1.3 96,3 110,0 X ^1.4 95,7 110,0 X ^1.5 111,2 110,0 X ^1.6 52,8 110,0 X ^1.7 45,2 110,0 X ^1.8 57,7 110,0 X ^1.10 458,3 110,0 X ^1.13 15,0 110,0 X 
30 23.11.2020 12:36:35 ^1.1 139,1 111,0 X ^1.2 180,8 110,0 X ^1.3 140,8 110,0 X ^1.4 134,7 110,0 X ^1.5 145,4 110,0 X ^1.6 68,2 110,0 X ^1.7 55,1 110,0 X ^1.8 71,2 110,0 X ^1.10 512,1 110,0 X ^1.13 16,4 110,0 X 
31 23.11.2020 12:36:40 ^1.1 170,1 111,0 X ^1.2 221,9 110,0 X ^1.3 171,9 110,0 X ^1.4 179,3 110,0 X ^1.5 179,8 110,0 X ^1.6 83,7 110,0 X ^1.7 64,9 110,0 X ^1.8 84,4 110,0 X ^1.10 551,0 110,0 X ^1.13 18,0 110,0 X 
32 23.11.2020 12:36:45 ^1.1 195,0 111,0 X ^1.2 255,4 110,0 X ^1.3 199,8 110,0 X ^1.4 209,7 110,0 X ^1.5 221,0 110,0 X ^1.6 102,6 110,0 X ^1.7 75,2 110,0 X ^1.8 98,1 110,0 X ^1.10 576,4 110,0 X ^1.13 20,0 110,0 X 
33 23.11.2020 12:36:50 ^1.1 213,6 111,0 X ^1.2 281,3 110,0 X ^1.3 217,1 110,0 X ^1.4 229,5 110,0 X ^1.5 241,4 110,0 X ^1.6 112,5 110,0 X ^1.7 85,2 110,0 X ^1.8 106,3 110,0 X ^1.10 592,3 110,0 X ^1.13 22,4 110,0 X 
34 23.11.2020 12:36:55 ^1.1 237,6 111,0 X ^1.2 310,8 110,0 X ^1.3 244,0 110,0 X ^1.4 258,5 110,0 X ^1.5 270,6 110,0 X ^1.6 126,7 110,0 X ^1.7 95,0 110,0 X ^1.8 122,2 110,0 X ^1.10 602,3 110,0 X ^1.13 25,3 110,0 X 
35 23.11.2020 12:37:00 ^1.1 261,8 111,0 X ^1.2 342,4 110,0 X ^1.3 271,6 110,0 X ^1.4 282,8 110,0 X ^1.5 299,9 110,0 X ^1.6 140,2 110,0 X ^1.7 104,0 110,0 X ^1.8 133,4 110,0 X ^1.10 623,6 110,0 X ^1.13 28,2 110,0 X 
36 23.11.2020 12:37:05 ^1.1 285,7 111,0 X ^1.2 369,2 110,0 X ^1.3 298,4 110,0 X ^1.4 307,8 110,0 X ^1.5 324,8 110,0 X ^1.6 152,2 110,0 X ^1.7 113,3 110,0 X ^1.8 144,0 110,0 X ^1.10 630,1 110,0 X ^1.13 30,4 110,0 X 
37 23.11.2020 12:37:10 ^1.1 304,9 111,0 X ^1.2 393,0 110,0 X ^1.3 319,7 110,0 X ^1.4 329,8 110,0 X ^1.5 346,1 110,0 X ^1.6 163,8 110,0 X ^1.7 121,7 110,0 X ^1.8 153,1 110,0 X ^1.10 636,1 110,0 X ^1.13 35,1 110,0 X 
38 23.11.2020 12:37:15 ^1.1 330,8 111,0 X ^1.2 417,3 110,0 X ^1.3 338,9 110,0 X ^1.4 352,6 110,0 X ^1.5 367,9 110,0 X ^1.6 173,7 110,0 X ^1.7 129,2 110,0 X ^1.8 161,3 110,0 X ^1.10 635,9 110,0 X ^1.13 38,9 110,0 X 
39 23.11.2020 12:37:20 ^1.1 348,3 111,0 X ^1.2 442,4 110,0 X ^1.3 364,0 110,0 X ^1.4 370,9 110,0 X ^1.5 388,2 110,0 X ^1.6 182,7 110,0 X ^1.7 136,7 110,0 X ^1.8 169,4 110,0 X ^1.10 641,4 110,0 X ^1.13 43,3 110,0 X 
40 23.11.2020 12:37:25 ^1.1 366,5 111,0 X ^1.2 461,2 110,0 X ^1.3 383,5 110,0 X ^1.4 391,0 110,0 X ^1.5 408,8 110,0 X ^1.6 192,2 110,0 X ^1.7 144,3 110,0 X ^1.8 177,3 110,0 X ^1.10 650,8 110,0 X ^1.13 48,0 110,0 X 
41 23.11.2020 12:37:30 ^1.1 382,6 111,0 X ^1.2 476,9 110,0 X ^1.3 399,8 110,0 X ^1.4 405,8 110,0 X ^1.5 432,4 110,0 X ^1.6 202,8 110,0 X ^1.7 150,6 110,0 X ^1.8 184,8 110,0 X ^1.10 656,7 110,0 X ^1.13 52,7 110,0 X 
42 23.11.2020 12:37:35 ^1.1 397,5 111,0 X ^1.2 491,6 110,0 X ^1.3 416,8 110,0 X ^1.4 421,9 110,0 X ^1.5 449,0 110,0 X ^1.6 209,8 110,0 X ^1.7 157,7 110,0 X ^1.8 191,2 110,0 X ^1.10 657,9 110,0 X ^1.13 60,0 110,0 X 
43 23.11.2020 12:37:40 ^1.1 410,8 111,0 X ^1.2 505,7 110,0 X ^1.3 432,2 110,0 X ^1.4 434,8 110,0 X ^1.5 464,7 110,0 X ^1.6 216,5 110,0 X ^1.7 161,4 110,0 X ^1.8 196,7 110,0 X ^1.10 666,4 110,0 X ^1.13 71,2 110,0 X 
44 23.11.2020 12:37:45 ^1.1 423,7 111,0 X ^1.2 517,5 110,0 X ^1.3 445,9 110,0 X ^1.4 447,8 110,0 X ^1.5 477,3 110,0 X ^1.6 222,8 110,0 X ^1.7 164,9 110,0 X ^1.8 200,9 110,0 X ^1.10 678,6 110,0 X ^1.13 80,1 110,0 X 
45 23.11.2020 12:37:50 ^1.1 438,7 111,0 X ^1.2 530,9 110,0 X ^1.3 460,4 110,0 X ^1.4 460,7 110,0 X ^1.5 489,4 110,0 X ^1.6 228,0 110,0 X ^1.7 168,5 110,0 X ^1.8 204,9 110,0 X ^1.10 676,1 110,0 X ^1.13 88,3 110,0 X 
46 23.11.2020 12:37:55 ^1.1 451,5 111,0 X ^1.2 543,5 110,0 X ^1.3 472,0 110,0 X ^1.4 473,7 110,0 X ^1.5 503,1 110,0 X ^1.6 232,7 110,0 X ^1.7 172,0 110,0 X ^1.8 208,4 110,0 X ^1.10 678,3 110,0 X ^1.13 98,9 110,0 X 
47 23.11.2020 12:38:00 ^1.1 468,2 111,0 X ^1.2 556,6 110,0 X ^1.3 484,4 110,0 X ^1.4 485,4 110,0 X ^1.5 513,8 110,0 X ^1.6 237,3 110,0 X ^1.7 174,9 110,0 X ^1.8 211,4 110,0 X ^1.10 678,8 110,0 X ^1.13 106,8 110,0 X 
48 23.11.2020 12:38:05 ^1.1 480,2 111,0 X ^1.2 564,9 110,0 X ^1.3 498,9 110,0 X ^1.4 494,0 110,0 X ^1.5 525,3 110,0 X ^1.6 241,0 110,0 X ^1.7 178,0 110,0 X ^1.8 214,6 110,0 X ^1.10 683,2 110,0 X ^1.13 114,8 110,0 X 
49 23.11.2020 12:38:10 ^1.1 490,2 111,0 X ^1.2 572,7 110,0 X ^1.3 508,5 110,0 X ^1.4 508,2 110,0 X ^1.5 537,8 110,0 X ^1.6 244,6 110,0 X ^1.7 180,5 110,0 X ^1.8 217,1 110,0 X ^1.10 681,8 110,0 X ^1.13 122,8 110,0 X 
50 23.11.2020 12:38:15 ^1.1 499,3 111,0 X ^1.2 579,9 110,0 X ^1.3 517,9 110,0 X ^1.4 516,9 110,0 X ^1.5 547,0 110,0 X ^1.6 249,0 110,0 X ^1.7 182,8 110,0 X ^1.8 220,1 110,0 X ^1.10 686,5 110,0 X ^1.13 131,0 110,0 X 
51 23.11.2020 12:38:20 ^1.1 505,6 111,0 X ^1.2 585,4 110,0 X ^1.3 523,8 110,0 X ^1.4 521,7 110,0 X ^1.5 553,2 110,0 X ^1.6 251,0 110,0 X ^1.7 185,2 110,0 X ^1.8 221,7 110,0 X ^1.10 689,1 110,0 X ^1.13 139,1 110,0 X 
52 23.11.2020 12:38:25 ^1.1 515,6 111,0 X ^1.2 593,6 110,0 X ^1.3 532,2 110,0 X ^1.4 530,1 110,0 X ^1.5 561,3 110,0 X ^1.6 253,7 110,0 X ^1.7 187,1 110,0 X ^1.8 224,3 110,0 X ^1.10 700,4 110,0 X ^1.13 147,8 110,0 X 
53 23.11.2020 12:38:30 ^1.1 524,5 111,0 X ^1.2 599,8 110,0 X ^1.3 540,8 110,0 X ^1.4 539,9 110,0 X ^1.5 569,2 110,0 X ^1.6 256,1 110,0 X ^1.7 189,0 110,0 X ^1.8 225,9 110,0 X ^1.10 701,7 110,0 X ^1.13 156,8 110,0 X 
54 23.11.2020 12:38:35 ^1.1 535,3 111,0 X ^1.2 607,8 110,0 X ^1.3 548,4 110,0 X ^1.4 548,6 110,0 X ^1.5 576,2 110,0 X ^1.6 258,0 110,0 X ^1.7 190,7 110,0 X ^1.8 227,7 110,0 X ^1.10 700,0 110,0 X ^1.13 166,2 110,0 X 
55 23.11.2020 12:38:40 ^1.1 543,1 111,0 X ^1.2 613,6 110,0 X ^1.3 555,5 110,0 X ^1.4 555,8 110,0 X ^1.5 582,8 110,0 X ^1.6 259,4 110,0 X ^1.7 192,6 110,0 X ^1.8 228,9 110,0 X ^1.10 707,0 110,0 X ^1.13 175,1 110,0 X 
56 23.11.2020 12:38:45 ^1.1 554,1 111,0 X ^1.2 619,8 110,0 X ^1.3 563,0 110,0 X ^1.4 562,4 110,0 X ^1.5 590,0 110,0 X ^1.6 260,8 110,0 X ^1.7 194,3 110,0 X ^1.8 229,3 110,0 X ^1.10 704,9 110,0 X ^1.13 184,0 110,0 X 
57 23.11.2020 12:38:50 ^1.1 559,9 111,0 X ^1.2 626,9 110,0 X ^1.3 571,6 110,0 X ^1.4 568,1 110,0 X ^1.5 595,9 110,0 X ^1.6 261,6 110,0 X ^1.7 195,8 110,0 X ^1.8 229,6 110,0 X ^1.10 708,7 110,0 X ^1.13 192,8 110,0 X 
58 23.11.2020 12:38:55 ^1.1 566,2 111,0 X ^1.2 631,5 110,0 X ^1.3 578,8 110,0 X ^1.4 577,1 110,0 X ^1.5 603,1 110,0 X ^1.6 261,5 110,0 X ^1.7 197,2 110,0 X ^1.8 229,3 110,0 X ^1.10 718,0 110,0 X ^1.13 201,1 110,0 X 
59 23.11.2020 12:39:00 ^1.1 574,7 111,0 X ^1.2 636,2 110,0 X ^1.3 584,7 110,0 X ^1.4 584,4 110,0 X ^1.5 611,2 110,0 X ^1.6 262,2 110,0 X ^1.7 198,6 110,0 X ^1.8 229,3 110,0 X ^1.10 714,7 110,0 X ^1.13 210,1 110,0 X 
60 23.11.2020 12:39:05 ^1.1 581,5 111,0 X ^1.2 641,4 110,0 X ^1.3 591,0 110,0 X ^1.4 590,7 110,0 X ^1.5 617,0 110,0 X ^1.6 261,7 110,0 X ^1.7 200,1 110,0 X ^1.8 229,6 110,0 X ^1.10 713,4 110,0 X ^1.13 219,2 110,0 X 
61 23.11.2020 12:39:10 ^1.1 587,4 111,0 X ^1.2 645,2 110,0 X ^1.3 596,8 110,0 X ^1.4 596,1 110,0 X ^1.5 621,8 110,0 X ^1.6 260,7 110,0 X ^1.7 201,3 110,0 X ^1.8 229,7 110,0 X ^1.10 723,3 110,0 X ^1.13 228,2 110,0 X 
62 23.11.2020 12:39:15 ^1.1 594,2 111,0 X ^1.2 651,3 110,0 X ^1.3 602,2 110,0 X ^1.4 600,8 110,0 X ^1.5 629,1 110,0 X ^1.6 259,7 110,0 X ^1.7 202,6 110,0 X ^1.8 228,8 110,0 X ^1.10 736,5 110,0 X ^1.13 236,9 110,0 X 
63 23.11.2020 12:39:20 ^1.1 597,7 111,0 X ^1.2 653,9 110,0 X ^1.3 607,9 110,0 X ^1.4 606,3 110,0 X ^1.5 634,6 110,0 X ^1.6 258,1 110,0 X ^1.7 203,7 110,0 X ^1.8 227,6 110,0 X ^1.10 740,6 110,0 X ^1.13 245,8 110,0 X 
64 23.11.2020 12:39:25 ^1.1 604,3 111,0 X ^1.2 658,3 110,0 X ^1.3 614,4 110,0 X ^1.4 613,4 110,0 X ^1.5 639,7 110,0 X ^1.6 256,2 110,0 X ^1.7 204,7 110,0 X ^1.8 226,8 110,0 X ^1.10 730,1 110,0 X ^1.13 257,6 110,0 X 
65 23.11.2020 12:39:30 ^1.1 610,4 111,0 X ^1.2 663,5 110,0 X ^1.3 619,3 110,0 X ^1.4 619,5 110,0 X ^1.5 644,7 110,0 X ^1.6 253,7 110,0 X ^1.7 205,8 110,0 X ^1.8 225,6 110,0 X ^1.10 734,2 110,0 X ^1.13 266,8 110,0 X 
66 23.11.2020 12:39:35 ^1.1 615,2 111,0 X ^1.2 666,7 110,0 X ^1.3 624,2 110,0 X ^1.4 624,3 110,0 X ^1.5 648,1 110,0 X ^1.6 251,2 110,0 X ^1.7 206,6 110,0 X ^1.8 224,1 110,0 X ^1.10 726,7 110,0 X ^1.13 275,6 110,0 X 
67 23.11.2020 12:39:40 ^1.1 620,1 111,0 X ^1.2 670,0 110,0 X ^1.3 628,4 110,0 X ^1.4 629,8 110,0 X ^1.5 654,1 110,0 X ^1.6 248,7 110,0 X ^1.7 207,5 110,0 X ^1.8 222,7 110,0 X ^1.10 728,6 110,0 X ^1.13 284,2 110,0 X 
68 23.11.2020 12:39:45 ^1.1 624,6 111,0 X ^1.2 674,2 110,0 X ^1.3 632,5 110,0 X ^1.4 633,9 110,0 X ^1.5 659,1 110,0 X ^1.6 245,7 110,0 X ^1.7 208,4 110,0 X ^1.8 221,1 110,0 X ^1.10 738,6 110,0 X ^1.13 292,9 110,0 X 
69 23.11.2020 12:39:50 ^1.1 629,0 111,0 X ^1.2 677,3 110,0 X ^1.3 637,4 110,0 X ^1.4 638,3 110,0 X ^1.5 662,4 110,0 X ^1.6 243,4 110,0 X ^1.7 209,4 110,0 X ^1.8 219,3 110,0 X ^1.10 739,9 110,0 X ^1.13 301,6 110,0 X 
70 23.11.2020 12:39:55 ^1.1 630,8 111,0 X ^1.2 679,3 110,0 X ^1.3 640,5 110,0 X ^1.4 641,3 110,0 X ^1.5 665,0 110,0 X ^1.6 242,1 110,0 X ^1.7 210,0 110,0 X ^1.8 218,4 110,0 X ^1.10 310,9 110,0 X ^1.13 310,5 110,0 X 
71 23.11.2020 12:40:00 ^1.1 635,1 111,0 X ^1.2 682,1 110,0 X ^1.3 644,7 110,0 X ^1.4 645,6 110,0 X ^1.5 668,4 110,0 X ^1.6 240,2 110,0 X ^1.7 211,0 110,0 X ^1.8 216,5 110,0 X ^1.10 316,0 110,0 X ^1.13 319,5 110,0 X 
72 23.11.2020 12:40:05 ^1.1 638,6 111,0 X ^1.2 685,1 110,0 X ^1.3 648,2 110,0 X ^1.4 649,7 110,0 X ^1.5 672,4 110,0 X ^1.6 238,3 110,0 X ^1.7 211,7 110,0 X ^1.8 214,8 110,0 X ^1.10 322,2 110,0 X ^1.13 328,5 110,0 X 
73 23.11.2020 12:40:10 ^1.1 644,0 111,0 X ^1.2 688,3 110,0 X ^1.3 652,2 110,0 X ^1.4 654,0 110,0 X ^1.5 675,8 110,0 X ^1.6 236,6 110,0 X ^1.7 212,7 110,0 X ^1.8 212,6 110,0 X ^1.10 328,8 110,0 X ^1.13 337,7 110,0 X 
74 23.11.2020 12:40:15 ^1.1 648,3 111,0 X ^1.2 691,0 110,0 X ^1.3 656,4 110,0 X ^1.4 657,2 110,0 X ^1.5 679,3 110,0 X ^1.6 234,6 110,0 X ^1.7 213,7 110,0 X ^1.8 210,8 110,0 X ^1.10 334,5 110,0 X ^1.13 347,9 110,0 X 
75 23.11.2020 12:40:20 ^1.1 651,9 111,0 X ^1.2 693,8 110,0 X ^1.3 660,5 110,0 X ^1.4 660,7 110,0 X ^1.5 682,1 110,0 X ^1.6 232,8 110,0 X ^1.7 214,9 110,0 X ^1.8 208,7 110,0 X ^1.10 338,3 110,0 X ^1.13 359,0 110,0 X 
76 23.11.2020 12:40:25 ^1.1 654,2 111,0 X ^1.2 695,6 110,0 X ^1.3 663,0 110,0 X ^1.4 664,8 110,0 X ^1.5 684,8 110,0 X ^1.6 231,7 110,0 X ^1.7 215,9 110,0 X ^1.8 206,7 110,0 X ^1.10 344,2 110,0 X ^1.13 372,1 110,0 X 
77 23.11.2020 12:40:30 ^1.1 656,9 111,0 X ^1.2 697,6 110,0 X ^1.3 666,4 110,0 X ^1.4 667,7 110,0 X ^1.5 687,7 110,0 X ^1.6 230,1 110,0 X ^1.7 216,9 110,0 X ^1.8 204,9 110,0 X ^1.10 350,0 110,0 X ^1.13 386,7 110,0 X 
78 23.11.2020 12:40:35 ^1.1 660,8 111,0 X ^1.2 698,4 110,0 X ^1.3 668,8 110,0 X ^1.4 671,0 110,0 X ^1.5 690,0 110,0 X ^1.6 228,9 110,0 X ^1.7 218,3 110,0 X ^1.8 203,4 110,0 X ^1.10 355,2 110,0 X ^1.13 397,2 110,0 X 
79 23.11.2020 12:40:40 ^1.1 663,0 111,0 X ^1.2 699,7 110,0 X ^1.3 671,3 110,0 X ^1.4 674,3 110,0 X ^1.5 692,8 110,0 X ^1.6 227,9 110,0 X ^1.7 219,6 110,0 X ^1.8 201,5 110,0 X ^1.10 363,3 110,0 X ^1.13 407,3 110,0 X 
80 23.11.2020 12:40:45 ^1.1 667,0 111,0 X ^1.2 701,6 110,0 X ^1.3 673,7 110,0 X ^1.4 677,6 110,0 X ^1.5 695,8 110,0 X ^1.6 226,7 110,0 X ^1.7 220,6 110,0 X ^1.8 200,3 110,0 X ^1.10 371,8 110,0 X ^1.13 416,4 110,0 X 
81 23.11.2020 12:40:50 ^1.1 670,2 111,0 X ^1.2 703,7 110,0 X ^1.3 675,8 110,0 X ^1.4 679,8 110,0 X ^1.5 698,4 110,0 X ^1.6 225,9 110,0 X ^1.7 221,7 110,0 X ^1.8 198,9 110,0 X ^1.10 379,2 110,0 X ^1.13 426,3 110,0 X 
82 23.11.2020 12:40:55 ^1.1 672,8 111,0 X ^1.2 705,6 110,0 X ^1.3 678,9 110,0 X ^1.4 681,8 110,0 X ^1.5 700,2 110,0 X ^1.6 225,1 110,0 X ^1.7 222,6 110,0 X ^1.8 198,0 110,0 X ^1.10 387,5 110,0 X ^1.13 439,4 110,0 X 
83 23.11.2020 12:41:00 ^1.1 676,6 111,0 X ^1.2 708,0 110,0 X ^1.3 681,5 110,0 X ^1.4 684,6 110,0 X ^1.5 702,2 110,0 X ^1.6 224,6 110,0 X ^1.7 223,8 110,0 X ^1.8 197,0 110,0 X ^1.10 394,5 110,0 X ^1.13 448,8 110,0 X 
84 23.11.2020 12:41:05 ^1.1 680,1 111,0 X ^1.2 709,8 110,0 X ^1.3 684,7 110,0 X ^1.4 686,0 110,0 X ^1.5 703,2 110,0 X ^1.6 224,1 110,0 X ^1.7 224,9 110,0 X ^1.8 196,3 110,0 X ^1.10 402,3 110,0 X ^1.13 457,9 110,0 X 
85 23.11.2020 12:41:10 ^1.1 682,2 111,0 X ^1.2 712,1 110,0 X ^1.3 686,9 110,0 X ^1.4 689,0 110,0 X ^1.5 706,4 110,0 X ^1.6 223,4 110,0 X ^1.7 226,1 110,0 X ^1.8 195,2 110,0 X ^1.10 410,1 110,0 X ^1.13 466,6 110,0 X 
86 23.11.2020 12:41:15 ^1.1 684,5 111,0 X ^1.2 713,6 110,0 X ^1.3 688,8 110,0 X ^1.4 690,8 110,0 X ^1.5 709,7 110,0 X ^1.6 223,0 110,0 X ^1.7 227,1 110,0 X ^1.8 194,2 110,0 X ^1.10 423,0 110,0 X ^1.13 475,3 110,0 X 
87 23.11.2020 12:41:20 ^1.1 686,9 111,0 X ^1.2 715,5 110,0 X ^1.3 691,8 110,0 X ^1.4 692,5 110,0 X ^1.5 712,2 110,0 X ^1.6 222,7 110,0 X ^1.7 228,5 110,0 X ^1.8 193,1 110,0 X ^1.10 439,2 110,0 X ^1.13 484,2 110,0 X 
88 23.11.2020 12:41:25 ^1.1 688,7 111,0 X ^1.2 716,7 110,0 X ^1.3 692,8 110,0 X ^1.4 693,7 110,0 X ^1.5 713,7 110,0 X ^1.6 222,5 110,0 X ^1.7 229,1 110,0 X ^1.8 192,6 110,0 X ^1.10 423,4 110,0 X ^1.13 491,9 110,0 X 
89 23.11.2020 12:41:30 ^1.1 690,4 111,0 X ^1.2 718,0 110,0 X ^1.3 695,8 110,0 X ^1.4 696,3 110,0 X ^1.5 715,2 110,0 X ^1.6 222,4 110,0 X ^1.7 230,3 110,0 X ^1.8 192,2 110,0 X ^1.10 413,3 110,0 X ^1.13 496,3 110,0 X 
90 23.11.2020 12:41:35 ^1.1 691,9 111,0 X ^1.2 719,5 110,0 X ^1.3 698,1 110,0 X ^1.4 697,5 110,0 X ^1.5 717,3 110,0 X ^1.6 222,1 110,0 X ^1.7 231,2 110,0 X ^1.8 192,2 110,0 X ^1.10 402,8 110,0 X ^1.13 501,7 110,0 X 
91 23.11.2020 12:41:40 ^1.1 694,4 111,0 X ^1.2 720,3 110,0 X ^1.3 700,5 110,0 X ^1.4 699,4 110,0 X ^1.5 719,5 110,0 X ^1.6 221,8 110,0 X ^1.7 232,3 110,0 X ^1.8 191,8 110,0 X ^1.10 391,3 110,0 X ^1.13 514,7 110,0 X 
92 23.11.2020 12:41:45 ^1.1 697,6 111,0 X ^1.2 722,3 110,0 X ^1.3 702,1 110,0 X ^1.4 702,0 110,0 X ^1.5 720,2 110,0 X ^1.6 221,9 110,0 X ^1.7 233,4 110,0 X ^1.8 191,1 110,0 X ^1.10 381,2 110,0 X ^1.13 518,1 110,0 X 
93 23.11.2020 12:41:50 ^1.1 700,5 111,0 X ^1.2 723,4 110,0 X ^1.3 704,1 110,0 X ^1.4 703,8 110,0 X ^1.5 722,7 110,0 X ^1.6 221,8 110,0 X ^1.7 234,4 110,0 X ^1.8 190,6 110,0 X ^1.10 373,6 110,0 X ^1.13 523,6 110,0 X 
94 23.11.2020 12:41:55 ^1.1 701,7 111,0 X ^1.2 725,2 110,0 X ^1.3 705,0 110,0 X ^1.4 705,4 110,0 X ^1.5 724,6 110,0 X ^1.6 221,4 110,0 X ^1.7 235,3 110,0 X ^1.8 190,1 110,0 X ^1.10 366,9 110,0 X ^1.13 529,5 110,0 X 
95 23.11.2020 12:42:00 ^1.1 703,0 111,0 X ^1.2 726,1 110,0 X ^1.3 706,4 110,0 X ^1.4 708,7 110,0 X ^1.5 725,5 110,0 X ^1.6 221,6 110,0 X ^1.7 236,2 110,0 X ^1.8 189,7 110,0 X ^1.10 361,5 110,0 X ^1.13 535,3 110,0 X 
96 23.11.2020 12:42:05 ^1.1 704,2 111,0 X ^1.2 727,9 110,0 X ^1.3 709,1 110,0 X ^1.4 710,1 110,0 X ^1.5 727,0 110,0 X ^1.6 221,6 110,0 X ^1.7 237,5 110,0 X ^1.8 189,5 110,0 X ^1.10 356,4 110,0 X ^1.13 541,8 110,0 X 
97 23.11.2020 12:42:10 ^1.1 705,3 111,0 X ^1.2 729,3 110,0 X ^1.3 711,2 110,0 X ^1.4 711,5 110,0 X ^1.5 729,0 110,0 X ^1.6 221,6 110,0 X ^1.7 238,5 110,0 X ^1.8 189,1 110,0 X ^1.10 352,0 110,0 X ^1.13 548,2 110,0 X 
98 23.11.2020 12:42:15 ^1.1 707,4 111,0 X ^1.2 730,1 110,0 X ^1.3 713,6 110,0 X ^1.4 713,2 110,0 X ^1.5 730,5 110,0 X ^1.6 221,6 110,0 X ^1.7 239,3 110,0 X ^1.8 189,0 110,0 X ^1.10 346,5 110,0 X ^1.13 554,0 110,0 X 
99 23.11.2020 12:42:20 ^1.1 709,0 111,0 X ^1.2 732,0 110,0 X ^1.3 715,5 110,0 X ^1.4 714,7 110,0 X ^1.5 732,1 110,0 X ^1.6 221,7 110,0 X ^1.7 240,2 110,0 X ^1.8 189,4 110,0 X ^1.10 342,7 110,0 X ^1.13 559,6 110,0 X 
100 23.11.2020 12:42:25 ^1.1 706,7 111,0 X ^1.2 729,6 110,0 X ^1.3 713,4 110,0 X ^1.4 712,0 110,0 X ^1.5 728,7 110,0 X ^1.6 221,0 110,0 X ^1.7 240,0 110,0 X ^1.8 188,7 110,0 X ^1.10 339,2 110,0 X ^1.13 565,8 110,0 X 
101 23.11.2020 12:42:30 ^1.1 686,4 111,0 X ^1.2 702,7 110,0 X ^1.3 695,8 110,0 X ^1.4 693,2 110,0 X ^1.5 708,3 110,0 X ^1.6 218,5 110,0 X ^1.7 238,0 110,0 X ^1.8 186,9 110,0 X ^1.10 334,2 110,0 X ^1.13 566,5 110,0 X 
102 23.11.2020 12:42:35 ^1.1 670,6 111,0 X ^1.2 682,6 110,0 X ^1.3 671,0 110,0 X ^1.4 675,6 110,0 X ^1.5 687,8 110,0 X ^1.6 215,6 110,0 X ^1.7 235,7 110,0 X ^1.8 184,6 110,0 X ^1.10 328,4 110,0 X ^1.13 564,5 110,0 X 
103 23.11.2020 12:42:40 ^1.1 655,9 111,0 X ^1.2 663,7 110,0 X ^1.3 653,8 110,0 X ^1.4 653,9 110,0 X ^1.5 663,0 110,0 X ^1.6 212,8 110,0 X ^1.7 233,5 110,0 X ^1.8 182,1 110,0 X ^1.10 322,7 110,0 X ^1.13 561,3 110,0 X 
104 23.11.2020 12:42:45 ^1.1 642,0 111,0 X ^1.2 645,8 110,0 X ^1.3 637,7 110,0 X ^1.4 638,1 110,0 X ^1.5 646,4 110,0 X ^1.6 209,1 110,0 X ^1.7 231,3 110,0 X ^1.8 179,6 110,0 X ^1.10 313,8 110,0 X ^1.13 557,5 110,0 X 
105 23.11.2020 12:42:50 ^1.1 629,1 111,0 X ^1.2 629,4 110,0 X ^1.3 622,8 110,0 X ^1.4 624,1 110,0 X ^1.5 630,5 110,0 X ^1.6 206,6 110,0 X ^1.7 228,6 110,0 X ^1.8 176,3 110,0 X ^1.10 296,4 110,0 X ^1.13 553,1 110,0 X 
106 23.11.2020 12:42:55 ^1.1 616,8 111,0 X ^1.2 614,2 110,0 X ^1.3 609,6 110,0 X ^1.4 609,9 110,0 X ^1.5 616,4 110,0 X ^1.6 203,9 110,0 X ^1.7 226,5 110,0 X ^1.8 174,0 110,0 X ^1.10 284,6 110,0 X ^1.13 548,3 110,0 X 
107 23.11.2020 12:43:00 ^1.1 609,1 111,0 X ^1.2 604,6 110,0 X ^1.3 601,3 110,0 X ^1.4 601,2 110,0 X ^1.5 607,6 110,0 X ^1.6 202,3 110,0 X ^1.7 225,3 110,0 X ^1.8 172,5 110,0 X ^1.10 272,0 110,0 X ^1.13 543,5 110,0 X 
108 23.11.2020 12:43:05 ^1.1 598,0 111,0 X ^1.2 591,1 110,0 X ^1.3 589,2 110,0 X ^1.4 588,6 110,0 X ^1.5 595,0 110,0 X ^1.6 200,1 110,0 X ^1.7 223,6 110,0 X ^1.8 170,3 110,0 X ^1.10 264,6 110,0 X ^1.13 538,5 110,0 X 
109 23.11.2020 12:43:10 ^1.1 587,7 111,0 X ^1.2 578,5 110,0 X ^1.3 578,6 110,0 X ^1.4 577,4 110,0 X ^1.5 583,6 110,0 X ^1.6 197,9 110,0 X ^1.7 221,9 110,0 X ^1.8 168,2 110,0 X ^1.10 260,3 110,0 X ^1.13 532,3 110,0 X 
110 23.11.2020 12:43:15 ^1.1 574,6 111,0 X ^1.2 563,4 110,0 X ^1.3 568,5 110,0 X ^1.4 566,5 110,0 X ^1.5 572,6 110,0 X ^1.6 195,7 110,0 X ^1.7 220,2 110,0 X ^1.8 166,1 110,0 X ^1.10 253,8 110,0 X ^1.13 529,2 110,0 X 
111 23.11.2020 12:43:20 ^1.1 565,7 111,0 X ^1.2 553,2 110,0 X ^1.3 556,0 110,0 X ^1.4 556,8 110,0 X ^1.5 562,8 110,0 X ^1.6 193,6 110,0 X ^1.7 218,7 110,0 X ^1.8 164,1 110,0 X ^1.10 248,2 110,0 X ^1.13 524,6 110,0 X 
112 23.11.2020 12:43:25 ^1.1 557,4 111,0 X ^1.2 543,8 110,0 X ^1.3 547,3 110,0 X ^1.4 544,8 110,0 X ^1.5 549,9 110,0 X ^1.6 191,6 110,0 X ^1.7 217,3 110,0 X ^1.8 162,2 110,0 X ^1.10 242,2 110,0 X ^1.13 520,2 110,0 X 
113 23.11.2020 12:43:30 ^1.1 549,1 111,0 X ^1.2 534,4 110,0 X ^1.3 538,8 110,0 X ^1.4 536,3 110,0 X ^1.5 541,0 110,0 X ^1.6 189,1 110,0 X ^1.7 215,8 110,0 X ^1.8 160,2 110,0 X ^1.10 237,3 110,0 X ^1.13 515,8 110,0 X 
114 23.11.2020 12:43:35 ^1.1 540,9 111,0 X ^1.2 525,9 110,0 X ^1.3 531,0 110,0 X ^1.4 528,6 110,0 X ^1.5 532,4 110,0 X ^1.6 187,3 110,0 X ^1.7 214,1 110,0 X ^1.8 157,9 110,0 X ^1.10 232,6 110,0 X ^1.13 511,6 110,0 X 
115 23.11.2020 12:43:40 ^1.1 533,3 111,0 X ^1.2 517,8 110,0 X ^1.3 524,0 110,0 X ^1.4 521,0 110,0 X ^1.5 524,7 110,0 X ^1.6 185,5 110,0 X ^1.7 213,0 110,0 X ^1.8 156,2 110,0 X ^1.10 228,3 110,0 X ^1.13 507,4 110,0 X 
116 23.11.2020 12:43:45 ^1.1 526,4 111,0 X ^1.2 509,8 110,0 X ^1.3 517,1 110,0 X ^1.4 513,7 110,0 X ^1.5 517,1 110,0 X ^1.6 183,9 110,0 X ^1.7 211,8 110,0 X ^1.8 154,7 110,0 X ^1.10 223,0 110,0 X ^1.13 503,2 110,0 X 
117 23.11.2020 12:43:50 ^1.1 519,7 111,0 X ^1.2 502,4 110,0 X ^1.3 510,1 110,0 X ^1.4 506,9 110,0 X ^1.5 510,0 110,0 X ^1.6 182,3 110,0 X ^1.7 210,7 110,0 X ^1.8 153,1 110,0 X ^1.10 218,8 110,0 X ^1.13 499,0 110,0 X 
118 23.11.2020 12:43:55 ^1.1 513,4 111,0 X ^1.2 495,3 110,0 X ^1.3 503,8 110,0 X ^1.4 500,2 110,0 X ^1.5 503,3 110,0 X ^1.6 180,8 110,0 X ^1.7 209,6 110,0 X ^1.8 151,6 110,0 X ^1.10 214,5 110,0 X ^1.13 493,7 110,0 X 
119 23.11.2020 12:44:00 ^1.1 505,2 111,0 X ^1.2 486,3 110,0 X ^1.3 497,6 110,0 X ^1.4 493,7 110,0 X ^1.5 496,5 110,0 X ^1.6 179,3 110,0 X ^1.7 208,5 110,0 X ^1.8 150,1 110,0 X ^1.10 210,6 110,0 X ^1.13 489,7 110,0 X 
120 23.11.2020 12:44:05 ^1.1 499,1 111,0 X ^1.2 479,9 110,0 X ^1.3 489,8 110,0 X ^1.4 487,7 110,0 X ^1.5 489,9 110,0 X ^1.6 177,7 110,0 X ^1.7 207,5 110,0 X ^1.8 148,8 110,0 X ^1.10 206,7 110,0 X ^1.13 485,8 110,0 X 
121 23.11.2020 12:44:10 ^1.1 493,2 111,0 X ^1.2 474,1 110,0 X ^1.3 483,9 110,0 X ^1.4 480,3 110,0 X ^1.5 481,8 110,0 X ^1.6 176,2 110,0 X ^1.7 206,4 110,0 X ^1.8 147,3 110,0 X ^1.10 203,4 110,0 X ^1.13 481,9 110,0 X 
122 23.11.2020 12:44:15 ^1.1 487,6 111,0 X ^1.2 468,5 110,0 X ^1.3 478,3 110,0 X ^1.4 474,8 110,0 X ^1.5 475,9 110,0 X ^1.6 174,5 110,0 X ^1.7 205,5 110,0 X ^1.8 146,0 110,0 X ^1.10 200,5 110,0 X ^1.13 478,2 110,0 X 
123 23.11.2020 12:44:20 ^1.1 482,2 111,0 X ^1.2 462,7 110,0 X ^1.3 473,0 110,0 X ^1.4 469,3 110,0 X ^1.5 470,2 110,0 X ^1.6 173,1 110,0 X ^1.7 204,1 110,0 X ^1.8 144,2 110,0 X ^1.10 197,6 110,0 X ^1.13 474,7 110,0 X 
124 23.11.2020 12:44:25 ^1.1 477,1 111,0 X ^1.2 457,0 110,0 X ^1.3 467,9 110,0 X ^1.4 464,0 110,0 X ^1.5 464,9 110,0 X ^1.6 171,8 110,0 X ^1.7 203,1 110,0 X ^1.8 143,0 110,0 X ^1.10 195,0 110,0 X ^1.13 471,2 110,0 X 
125 23.11.2020 12:44:30 ^1.1 473,6 111,0 X ^1.2 453,3 110,0 X ^1.3 464,4 110,0 X ^1.4 460,6 110,0 X ^1.5 461,1 110,0 X ^1.6 171,0 110,0 X ^1.7 202,5 110,0 X ^1.8 142,0 110,0 X ^1.10 192,7 110,0 X ^1.13 460,0 110,0 X 
126 23.11.2020 12:44:36 ^1.1 468,0 111,0 X ^1.2 447,1 110,0 X ^1.3 459,2 110,0 X ^1.4 454,9 110,0 X ^1.5 455,8 110,0 X ^1.6 169,9 110,0 X ^1.7 201,6 110,0 X ^1.8 141,0 110,0 X ^1.10 190,6 110,0 X ^1.13 455,3 110,0 X 
127 23.11.2020 12:44:41 ^1.1 462,7 111,0 X ^1.2 442,7 110,0 X ^1.3 454,0 110,0 X ^1.4 449,8 110,0 X ^1.5 450,7 110,0 X ^1.6 168,7 110,0 X ^1.7 200,9 110,0 X ^1.8 140,0 110,0 X ^1.10 188,4 110,0 X ^1.13 448,6 110,0 X 
128 23.11.2020 12:44:46 ^1.1 456,2 111,0 X ^1.2 437,1 110,0 X ^1.3 449,2 110,0 X ^1.4 445,0 110,0 X ^1.5 446,2 110,0 X ^1.6 167,6 110,0 X ^1.7 200,0 110,0 X ^1.8 138,9 110,0 X ^1.10 185,7 110,0 X ^1.13 446,4 110,0 X 
129 23.11.2020 12:44:51 ^1.1 451,9 111,0 X ^1.2 432,5 110,0 X ^1.3 443,4 110,0 X ^1.4 440,3 110,0 X ^1.5 441,6 110,0 X ^1.6 166,4 110,0 X ^1.7 199,2 110,0 X ^1.8 137,8 110,0 X ^1.10 182,9 110,0 X ^1.13 444,8 110,0 X 
130 23.11.2020 12:44:56 ^1.1 447,7 111,0 X ^1.2 428,0 110,0 X ^1.3 439,2 110,0 X ^1.4 434,5 110,0 X ^1.5 435,7 110,0 X ^1.6 165,3 110,0 X ^1.7 198,3 110,0 X ^1.8 136,7 110,0 X ^1.10 180,0 110,0 X ^1.13 442,3 110,0 X 
131 23.11.2020 12:45:01 ^1.1 443,2 111,0 X ^1.2 424,0 110,0 X ^1.3 435,6 110,0 X ^1.4 430,3 110,0 X ^1.5 431,4 110,0 X ^1.6 163,9 110,0 X ^1.7 197,5 110,0 X ^1.8 135,6 110,0 X ^1.10 177,1 110,0 X ^1.13 439,9 110,0 X 
132 23.11.2020 12:45:06 ^1.1 439,0 111,0 X ^1.2 419,9 110,0 X ^1.3 431,8 110,0 X ^1.4 425,9 110,0 X ^1.5 427,1 110,0 X ^1.6 162,8 110,0 X ^1.7 196,4 110,0 X ^1.8 134,3 110,0 X ^1.10 173,8 110,0 X ^1.13 437,4 110,0 X 
133 23.11.2020 12:45:11 ^1.1 434,9 111,0 X ^1.2 415,6 110,0 X ^1.3 428,0 110,0 X ^1.4 421,8 110,0 X ^1.5 422,9 110,0 X ^1.6 161,8 110,0 X ^1.7 195,6 110,0 X ^1.8 133,2 110,0 X ^1.10 169,3 110,0 X ^1.13 434,8 110,0 X 
134 23.11.2020 12:45:16 ^1.1 430,8 111,0 X ^1.2 411,6 110,0 X ^1.3 424,5 110,0 X ^1.4 417,8 110,0 X ^1.5 418,8 110,0 X ^1.6 160,7 110,0 X ^1.7 194,8 110,0 X ^1.8 132,2 110,0 X ^1.10 164,1 110,0 X ^1.13 432,2 110,0 X 
135 23.11.2020 12:45:21 ^1.1 427,0 111,0 X ^1.2 407,3 110,0 X ^1.3 420,8 110,0 X ^1.4 413,8 110,0 X ^1.5 414,6 110,0 X ^1.6 159,8 110,0 X ^1.7 194,0 110,0 X ^1.8 131,2 110,0 X ^1.10 160,6 110,0 X ^1.13 429,8 110,0 X 
136 23.11.2020 12:45:26 ^1.1 421,9 111,0 X ^1.2 403,0 110,0 X ^1.3 416,8 110,0 X ^1.4 410,1 110,0 X ^1.5 410,7 110,0 X ^1.6 158,9 110,0 X ^1.7 193,2 110,0 X ^1.8 130,3 110,0 X ^1.10 157,5 110,0 X ^1.13 425,7 110,0 X 
137 23.11.2020 12:45:31 ^1.1 418,2 111,0 X ^1.2 397,9 110,0 X ^1.3 413,1 110,0 X ^1.4 406,3 110,0 X ^1.5 407,0 110,0 X ^1.6 157,8 110,0 X ^1.7 192,5 110,0 X ^1.8 129,4 110,0 X ^1.10 154,6 110,0 X ^1.13 423,4 110,0 X 
138 23.11.2020 12:45:36 ^1.1 414,6 111,0 X ^1.2 394,0 110,0 X ^1.3 408,6 110,0 X ^1.4 401,2 110,0 X ^1.5 403,2 110,0 X ^1.6 156,8 110,0 X ^1.7 191,7 110,0 X ^1.8 128,4 110,0 X ^1.10 152,0 110,0 X ^1.13 421,3 110,0 X 
139 23.11.2020 12:45:41 ^1.1 410,8 111,0 X ^1.2 390,5 110,0 X ^1.3 405,2 110,0 X ^1.4 397,4 110,0 X ^1.5 398,4 110,0 X ^1.6 155,8 110,0 X ^1.7 190,8 110,0 X ^1.8 127,6 110,0 X ^1.10 138,2 110,0 X ^1.13 338,0 110,0 X 
140 23.11.2020 12:45:46 ^1.1 407,7 111,0 X ^1.2 387,1 110,0 X ^1.3 402,0 110,0 X ^1.4 393,9 110,0 X ^1.5 394,8 110,0 X ^1.6 154,7 110,0 X ^1.7 190,1 110,0 X ^1.8 126,7 110,0 X ^1.10 133,7 110,0 X ^1.13 229,8 110,0 X 
141 23.11.2020 12:45:51 ^1.1 404,3 111,0 X ^1.2 383,8 110,0 X ^1.3 398,6 110,0 X ^1.4 390,2 110,0 X ^1.5 391,3 110,0 X ^1.6 153,8 110,0 X ^1.7 189,1 110,0 X ^1.8 125,6 110,0 X ^1.10 126,6 110,0 X ^1.13 165,3 110,0 X 
142 23.11.2020 12:45:56 ^1.1 400,7 111,0 X ^1.2 380,1 110,0 X ^1.3 395,0 110,0 X ^1.4 386,6 110,0 X ^1.5 387,9 110,0 X ^1.6 152,9 110,0 X ^1.7 188,3 110,0 X ^1.8 124,7 110,0 X ^1.10 121,7 110,0 X ^1.13 134,9 110,0 X 
143 23.11.2020 12:46:01 ^1.1 397,5 111,0 X ^1.2 376,9 110,0 X ^1.3 392,2 110,0 X ^1.4 383,2 110,0 X ^1.5 384,4 110,0 X ^1.6 152,1 110,0 X ^1.7 187,7 110,0 X ^1.8 123,9 110,0 X ^1.10 115,8 110,0 X ^1.13 114,4 110,0 X 
144 23.11.2020 12:46:06 ^1.1 395,4 111,0 X ^1.2 374,8 110,0 X ^1.3 390,0 110,0 X ^1.4 380,9 110,0 X ^1.5 382,3 110,0 X ^1.6 151,5 110,0 X ^1.7 187,2 110,0 X ^1.8 123,4 110,0 X ^1.10 112,9 110,0 X ^1.13 92,9 110,0 X 
145 23.11.2020 12:46:11 ^1.1 392,2 111,0 X ^1.2 371,4 110,0 X ^1.3 386,7 110,0 X ^1.4 378,2 110,0 X ^1.5 379,3 110,0 X ^1.6 150,6 110,0 X ^1.7 186,6 110,0 X ^1.8 122,6 110,0 X ^1.10 108,5 110,0 X ^1.13 67,7 110,0 X 
146 23.11.2020 12:46:16 ^1.1 388,1 111,0 X ^1.2 367,3 110,0 X ^1.3 383,3 110,0 X ^1.4 375,0 110,0 X ^1.5 376,1 110,0 X ^1.6 150,0 110,0 X ^1.7 185,8 110,0 X ^1.8 121,8 110,0 X ^1.10 104,2 110,0 X ^1.13 53,3 110,0 X 
147 23.11.2020 12:46:21 ^1.1 384,9 111,0 X ^1.2 364,4 110,0 X ^1.3 379,1 110,0 X ^1.4 371,8 110,0 X ^1.5 373,1 110,0 X ^1.6 149,1 110,0 X ^1.7 185,2 110,0 X ^1.8 121,0 110,0 X ^1.10 100,1 110,0 X ^1.13 45,6 110,0 X 
148 23.11.2020 12:46:26 ^1.1 381,9 111,0 X ^1.2 361,4 110,0 X ^1.3 376,3 110,0 X ^1.4 367,5 110,0 X ^1.5 369,3 110,0 X ^1.6 148,4 110,0 X ^1.7 184,4 110,0 X ^1.8 120,3 110,0 X ^1.10 96,5 110,0 X ^1.13 36,7 110,0 X 
149 23.11.2020 12:46:31 ^1.1 378,9 111,0 X ^1.2 358,7 110,0 X ^1.3 373,3 110,0 X ^1.4 364,5 110,0 X ^1.5 366,1 110,0 X ^1.6 147,3 110,0 X ^1.7 183,7 110,0 X ^1.8 119,6 110,0 X ^1.10 94,3 110,0 X ^1.13 30,7 110,0 X 
150 23.11.2020 12:46:36 ^1.1 376,0 111,0 X ^1.2 356,0 110,0 X ^1.3 370,8 110,0 X ^1.4 361,8 110,0 X ^1.5 363,3 110,0 X ^1.6 146,5 110,0 X ^1.7 182,9 110,0 X ^1.8 118,7 110,0 X ^1.10 91,5 110,0 X ^1.13 25,4 110,0 X 
151 23.11.2020 12:46:41 ^1.1 373,3 111,0 X ^1.2 353,6 110,0 X ^1.3 368,0 110,0 X ^1.4 359,1 110,0 X ^1.5 360,4 110,0 X ^1.6 145,8 110,0 X ^1.7 182,1 110,0 X ^1.8 117,9 110,0 X ^1.10 87,4 110,0 X ^1.13 21,7 110,0 X 
152 23.11.2020 12:46:46 ^1.1 370,4 111,0 X ^1.2 350,8 110,0 X ^1.3 365,3 110,0 X ^1.4 356,3 110,0 X ^1.5 357,7 110,0 X ^1.6 145,0 110,0 X ^1.7 181,4 110,0 X ^1.8 117,1 110,0 X ^1.10 82,3 110,0 X ^1.13 18,8 110,0 X 
153 23.11.2020 12:46:51 ^1.1 367,7 111,0 X ^1.2 348,2 110,0 X ^1.3 362,7 110,0 X ^1.4 353,8 110,0 X ^1.5 354,9 110,0 X ^1.6 144,3 110,0 X ^1.7 180,7 110,0 X ^1.8 116,5 110,0 X ^1.10 78,9 110,0 X ^1.13 16,8 110,0 X 
154 23.11.2020 12:46:56 ^1.1 364,3 111,0 X ^1.2 345,6 110,0 X ^1.3 360,3 110,0 X ^1.4 351,2 110,0 X ^1.5 352,2 110,0 X ^1.6 143,5 110,0 X ^1.7 180,0 110,0 X ^1.8 115,8 110,0 X ^1.10 75,7 110,0 X ^1.13 14,7 110,0 X 
155 23.11.2020 12:47:01 ^1.1 361,7 111,0 X ^1.2 342,3 110,0 X ^1.3 358,0 110,0 X ^1.4 348,4 110,0 X ^1.5 349,6 110,0 X ^1.6 142,8 110,0 X ^1.7 179,3 110,0 X ^1.8 115,1 110,0 X ^1.10 72,7 110,0 X ^1.13 13,6 110,0 X 
156 23.11.2020 12:47:06 ^1.1 359,0 111,0 X ^1.2 339,7 110,0 X ^1.3 354,6 110,0 X ^1.4 345,3 110,0 X ^1.5 346,9 110,0 X ^1.6 142,1 110,0 X ^1.7 178,7 110,0 X ^1.8 114,5 110,0 X ^1.10 69,7 110,0 X ^1.13 12,7 110,0 X 
157 23.11.2020 12:47:11 ^1.1 356,5 111,0 X ^1.2 337,2 110,0 X ^1.3 352,0 110,0 X ^1.4 342,8 110,0 X ^1.5 343,7 110,0 X ^1.6 141,4 110,0 X ^1.7 178,0 110,0 X ^1.8 113,9 110,0 X ^1.10 67,2 110,0 X ^1.13 12,0 110,0 X 
158 23.11.2020 12:47:16 ^1.1 354,2 111,0 X ^1.2 334,8 110,0 X ^1.3 349,3 110,0 X ^1.4 340,8 110,0 X ^1.5 341,3 110,0 X ^1.6 140,4 110,0 X ^1.7 177,0 110,0 X ^1.8 113,2 110,0 X ^1.10 64,8 110,0 X ^1.13 11,5 110,0 X 
159 23.11.2020 12:47:21 ^1.1 351,5 111,0 X ^1.2 332,6 110,0 X ^1.3 347,2 110,0 X ^1.4 338,4 110,0 X ^1.5 339,0 110,0 X ^1.6 139,7 110,0 X ^1.7 176,4 110,0 X ^1.8 112,4 110,0 X ^1.10 62,6 110,0 X ^1.13 11,2 110,0 X 
160 23.11.2020 12:47:26 ^1.1 349,0 111,0 X ^1.2 330,2 110,0 X ^1.3 344,6 110,0 X ^1.4 336,3 110,0 X ^1.5 336,5 110,0 X ^1.6 139,0 110,0 X ^1.7 175,7 110,0 X ^1.8 111,7 110,0 X ^1.10 60,3 110,0 X ^1.13 10,8 110,0 X 
161 23.11.2020 12:47:31 ^1.1 345,7 111,0 X ^1.2 327,2 110,0 X ^1.3 340,8 110,0 X ^1.4 329,3 110,0 X ^1.5 333,3 110,0 X ^1.6 138,2 110,0 X ^1.7 175,0 110,0 X ^1.8 111,2 110,0 X ^1.10 57,3 110,0 X ^1.13 10,4 110,0 X 
162 23.11.2020 12:47:36 ^1.1 343,6 111,0 X ^1.2 324,8 110,0 X ^1.3 338,2 110,0 X ^1.4 324,4 110,0 X ^1.5 330,9 110,0 X ^1.6 137,7 110,0 X ^1.7 174,5 110,0 X ^1.8 110,7 110,0 X ^1.10 55,9 110,0 X ^1.13 10,3 110,0 X 
163 23.11.2020 12:47:41 ^1.1 340,4 111,0 X ^1.2 321,3 110,0 X ^1.3 335,1 110,0 X ^1.4 318,9 110,0 X ^1.5 327,3 110,0 X ^1.6 137,1 110,0 X ^1.7 173,8 110,0 X ^1.8 110,1 110,0 X ^1.10 53,8 110,0 X ^1.13 10,0 110,0 X 
164 23.11.2020 12:47:46 ^1.1 335,7 111,0 X ^1.2 316,7 110,0 X ^1.3 331,9 110,0 X ^1.4 314,2 110,0 X ^1.5 324,3 110,0 X ^1.6 136,4 110,0 X ^1.7 173,2 110,0 X ^1.8 109,5 110,0 X ^1.10 51,8 110,0 X ^1.13 10,0 110,0 X 
165 23.11.2020 12:47:51 ^1.1 332,2 111,0 X ^1.2 313,3 110,0 X ^1.3 327,5 110,0 X ^1.4 308,5 110,0 X ^1.5 320,9 110,0 X ^1.6 135,7 110,0 X ^1.7 172,3 110,0 X ^1.8 108,7 110,0 X ^1.10 49,6 110,0 X ^1.13 10,0 110,0 X 
166 23.11.2020 12:47:56 ^1.1 329,4 111,0 X ^1.2 310,0 110,0 X ^1.3 324,4 110,0 X ^1.4 301,9 110,0 X ^1.5 316,6 110,0 X ^1.6 135,0 110,0 X ^1.7 171,7 110,0 X ^1.8 108,2 110,0 X ^1.10 47,8 110,0 X ^1.13 10,0 110,0 X 
167 23.11.2020 12:48:01 ^1.1 326,4 111,0 X ^1.2 305,9 110,0 X ^1.3 321,0 110,0 X ^1.4 296,1 110,0 X ^1.5 313,0 110,0 X ^1.6 134,2 110,0 X ^1.7 171,0 110,0 X ^1.8 107,6 110,0 X ^1.10 46,1 110,0 X ^1.13 9,8 110,0 X 
168 23.11.2020 12:48:06 ^1.1 323,7 111,0 X ^1.2 302,2 110,0 X ^1.3 318,5 110,0 X ^1.4 292,3 110,0 X ^1.5 309,8 110,0 X ^1.6 133,6 110,0 X ^1.7 170,2 110,0 X ^1.8 107,1 110,0 X ^1.10 44,5 110,0 X ^1.13 9,5 110,0 X 
169 23.11.2020 12:48:11 ^1.1 320,9 111,0 X ^1.2 298,9 110,0 X ^1.3 315,6 110,0 X ^1.4 287,3 110,0 X ^1.5 307,0 110,0 X ^1.6 133,0 110,0 X ^1.7 169,5 110,0 X ^1.8 106,4 110,0 X ^1.10 42,8 110,0 X ^1.13 9,5 110,0 X 
170 23.11.2020 12:48:16 ^1.1 317,9 111,0 X ^1.2 295,4 110,0 X ^1.3 312,3 110,0 X ^1.4 283,6 110,0 X ^1.5 304,5 110,0 X ^1.6 132,3 110,0 X ^1.7 168,9 110,0 X ^1.8 106,0 110,0 X ^1.10 40,9 110,0 X ^1.13 9,5 110,0 X 
171 23.11.2020 12:48:21 ^1.1 315,2 111,0 X ^1.2 291,9 110,0 X ^1.3 309,6 110,0 X ^1.4 279,6 110,0 X ^1.5 301,7 110,0 X ^1.6 131,6 110,0 X ^1.7 168,2 110,0 X ^1.8 105,6 110,0 X ^1.10 39,4 110,0 X ^1.13 9,3 110,0 X 
172 23.11.2020 12:48:26 ^1.1 311,4 111,0 X ^1.2 289,1 110,0 X ^1.3 306,8 110,0 X ^1.4 274,6 110,0 X ^1.5 299,1 110,0 X ^1.6 131,0 110,0 X ^1.7 167,4 110,0 X ^1.8 104,9 110,0 X ^1.10 38,0 110,0 X ^1.13 9,1 110,0 X 
173 23.11.2020 12:48:31 ^1.1 307,8 111,0 X ^1.2 284,8 110,0 X ^1.3 303,9 110,0 X ^1.4 271,3 110,0 X ^1.5 296,2 110,0 X ^1.6 130,4 110,0 X ^1.7 166,8 110,0 X ^1.8 104,3 110,0 X ^1.10 36,6 110,0 X ^1.13 9,2 110,0 X 
174 23.11.2020 12:48:36 ^1.1 305,3 111,0 X ^1.2 281,9 110,0 X ^1.3 300,3 110,0 X ^1.4 267,4 110,0 X ^1.5 293,0 110,0 X ^1.6 129,8 110,0 X ^1.7 166,1 110,0 X ^1.8 103,8 110,0 X ^1.10 35,4 110,0 X ^1.13 9,3 110,0 X 
175 23.11.2020 12:48:41 ^1.1 302,8 111,0 X ^1.2 279,2 110,0 X ^1.3 297,9 110,0 X ^1.4 264,7 110,0 X ^1.5 289,7 110,0 X ^1.6 129,1 110,0 X ^1.7 165,5 110,0 X ^1.8 103,4 110,0 X ^1.10 34,1 110,0 X ^1.13 9,3 110,0 X 
176 23.11.2020 12:48:46 ^1.1 300,7 111,0 X ^1.2 277,0 110,0 X ^1.3 295,9 110,0 X ^1.4 261,1 110,0 X ^1.5 287,7 110,0 X ^1.6 128,3 110,0 X ^1.7 164,7 110,0 X ^1.8 102,9 110,0 X ^1.10 33,0 110,0 X ^1.13 9,3 110,0 X 
177 23.11.2020 12:48:51 ^1.1 298,4 111,0 X ^1.2 274,5 110,0 X ^1.3 293,6 110,0 X ^1.4 258,2 110,0 X ^1.5 285,1 110,0 X ^1.6 127,7 110,0 X ^1.7 164,1 110,0 X ^1.8 102,3 110,0 X ^1.10 31,8 110,0 X ^1.13 9,4 110,0 X 
178 23.11.2020 12:48:56 ^1.1 296,2 111,0 X ^1.2 272,3 110,0 X ^1.3 291,3 110,0 X ^1.4 255,0 110,0 X ^1.5 282,9 110,0 X ^1.6 127,1 110,0 X ^1.7 163,4 110,0 X ^1.8 101,8 110,0 X ^1.10 30,3 110,0 X ^1.13 9,2 110,0 X 
179 23.11.2020 12:49:01 ^1.1 294,2 111,0 X ^1.2 269,3 110,0 X ^1.3 288,5 110,0 X ^1.4 252,5 110,0 X ^1.5 280,8 110,0 X ^1.6 126,6 110,0 X ^1.7 162,7 110,0 X ^1.8 101,4 110,0 X ^1.10 29,3 110,0 X ^1.13 9,0 110,0 X 
180 23.11.2020 12:49:06 ^1.1 292,4 111,0 X ^1.2 267,6 110,0 X ^1.3 286,0 110,0 X ^1.4 250,7 110,0 X ^1.5 278,5 110,0 X ^1.6 125,9 110,0 X ^1.7 162,1 110,0 X ^1.8 100,8 110,0 X ^1.10 28,2 110,0 X ^1.13 8,9 110,0 X 
181 23.11.2020 12:49:11 ^1.1 290,4 111,0 X ^1.2 266,1 110,0 X ^1.3 284,4 110,0 X ^1.4 249,3 110,0 X ^1.5 276,5 110,0 X ^1.6 125,5 110,0 X ^1.7 161,7 110,0 X ^1.8 100,6 110,0 X ^1.10 27,5 110,0 X ^1.13 8,8 110,0 X 
182 23.11.2020 12:49:16 ^1.1 288,3 111,0 X ^1.2 263,4 110,0 X ^1.3 282,3 110,0 X ^1.4 246,0 110,0 X ^1.5 274,8 110,0 X ^1.6 125,0 110,0 X ^1.7 161,2 110,0 X ^1.8 100,1 110,0 X ^1.10 26,6 110,0 X ^1.13 8,9 110,0 X 
183 23.11.2020 12:49:21 ^1.1 286,3 111,0 X ^1.2 261,1 110,0 X ^1.3 279,7 110,0 X ^1.4 244,1 110,0 X ^1.5 272,8 110,0 X ^1.6 124,5 110,0 X ^1.7 160,5 110,0 X ^1.8 99,7 110,0 X ^1.10 25,9 110,0 X ^1.13 8,9 110,0 X 
184 23.11.2020 12:49:26 ^1.1 284,2 111,0 X ^1.2 259,1 110,0 X ^1.3 277,3 110,0 X ^1.4 241,1 110,0 X ^1.5 270,5 110,0 X ^1.6 123,9 110,0 X ^1.7 159,9 110,0 X ^1.8 99,4 110,0 X ^1.10 25,2 110,0 X ^1.13 9,0 110,0 X 
185 23.11.2020 12:49:31 ^1.1 282,1 111,0 X ^1.2 257,5 110,0 X ^1.3 275,6 110,0 X ^1.4 239,2 110,0 X ^1.5 268,8 110,0 X ^1.6 123,2 110,0 X ^1.7 159,3 110,0 X ^1.8 98,7 110,0 X ^1.10 24,6 110,0 X ^1.13 9,3 110,0 X 
186 23.11.2020 12:49:36 ^1.1 280,3 111,0 X ^1.2 255,7 110,0 X ^1.3 273,8 110,0 X ^1.4 237,7 110,0 X ^1.5 266,9 110,0 X ^1.6 122,7 110,0 X ^1.7 158,5 110,0 X ^1.8 98,2 110,0 X ^1.10 23,8 110,0 X ^1.13 9,3 110,0 X 
187 23.11.2020 12:49:41 ^1.1 278,6 111,0 X ^1.2 254,1 110,0 X ^1.3 272,0 110,0 X ^1.4 235,3 110,0 X ^1.5 264,9 110,0 X ^1.6 122,2 110,0 X ^1.7 158,0 110,0 X ^1.8 97,8 110,0 X ^1.10 23,2 110,0 X ^1.13 9,4 110,0 X 
188 23.11.2020 12:49:46 ^1.1 276,9 111,0 X ^1.2 252,1 110,0 X ^1.3 269,7 110,0 X ^1.4 231,7 110,0 X ^1.5 263,0 110,0 X ^1.6 121,7 110,0 X ^1.7 157,3 110,0 X ^1.8 97,4 110,0 X ^1.10 22,3 110,0 X ^1.13 9,3 110,0 X 
189 23.11.2020 12:49:51 ^1.1 275,0 111,0 X ^1.2 250,2 110,0 X ^1.3 268,0 110,0 X ^1.4 229,0 110,0 X ^1.5 261,6 110,0 X ^1.6 121,2 110,0 X ^1.7 156,8 110,0 X ^1.8 97,1 110,0 X ^1.10 21,7 110,0 X ^1.13 9,0 110,0 X 
190 23.11.2020 12:49:56 ^1.1 272,6 111,0 X ^1.2 248,9 110,0 X ^1.3 266,3 110,0 X ^1.4 226,6 110,0 X ^1.5 259,6 110,0 X ^1.6 120,7 110,0 X ^1.7 156,2 110,0 X ^1.8 96,6 110,0 X ^1.10 21,1 110,0 X ^1.13 9,0 110,0 X 
191 23.11.2020 12:50:01 ^1.1 270,8 111,0 X ^1.2 247,0 110,0 X ^1.3 263,9 110,0 X ^1.4 224,8 110,0 X ^1.5 257,6 110,0 X ^1.6 120,2 110,0 X ^1.7 155,6 110,0 X ^1.8 96,1 110,0 X ^1.10 20,6 110,0 X ^1.13 9,1 110,0 X 
192 23.11.2020 12:50:06 ^1.1 269,1 111,0 X ^1.2 245,4 110,0 X ^1.3 261,1 110,0 X ^1.4 220,3 110,0 X ^1.5 255,5 110,0 X ^1.6 119,7 110,0 X ^1.7 155,0 110,0 X ^1.8 95,7 110,0 X ^1.10 20,2 110,0 X ^1.13 9,0 110,0 X 
193 23.11.2020 12:50:11 ^1.1 267,4 111,0 X ^1.2 243,5 110,0 X ^1.3 259,2 110,0 X ^1.4 218,0 110,0 X ^1.5 252,9 110,0 X ^1.6 119,2 110,0 X ^1.7 154,5 110,0 X ^1.8 95,3 110,0 X ^1.10 19,7 110,0 X ^1.13 8,8 110,0 X 
194 23.11.2020 12:50:16 ^1.1 265,5 111,0 X ^1.2 241,8 110,0 X ^1.3 257,8 110,0 X ^1.4 217,0 110,0 X ^1.5 251,3 110,0 X ^1.6 118,6 110,0 X ^1.7 153,7 110,0 X ^1.8 94,9 110,0 X ^1.10 19,2 110,0 X ^1.13 8,7 110,0 X 
195 23.11.2020 12:50:21 ^1.1 264,0 111,0 X ^1.2 240,1 110,0 X ^1.3 256,5 110,0 X ^1.4 215,7 110,0 X ^1.5 249,7 110,0 X ^1.6 118,1 110,0 X ^1.7 153,1 110,0 X ^1.8 94,3 110,0 X ^1.10 18,6 110,0 X ^1.13 8,8 110,0 X 
196 23.11.2020 12:50:26 ^1.1 262,4 111,0 X ^1.2 237,9 110,0 X ^1.3 254,7 110,0 X ^1.4 213,5 110,0 X ^1.5 247,7 110,0 X ^1.6 117,7 110,0 X ^1.7 152,5 110,0 X ^1.8 93,9 110,0 X ^1.10 18,1 110,0 X ^1.13 8,8 110,0 X 
197 23.11.2020 12:50:31 ^1.1 260,4 111,0 X ^1.2 236,3 110,0 X ^1.3 252,4 110,0 X ^1.4 212,8 110,0 X ^1.5 246,0 110,0 X ^1.6 117,3 110,0 X ^1.7 151,9 110,0 X ^1.8 93,5 110,0 X ^1.10 17,5 110,0 X ^1.13 8,8 110,0 X 
198 23.11.2020 12:50:36 ^1.1 258,7 111,0 X ^1.2 234,7 110,0 X ^1.3 250,3 110,0 X ^1.4 210,7 110,0 X ^1.5 244,2 110,0 X ^1.6 117,0 110,0 X ^1.7 151,4 110,0 X ^1.8 93,1 110,0 X ^1.10 17,1 110,0 X ^1.13 8,4 110,0 X 
